Driver,RaceName,Compound,StintLaps,DegRate,BaseTime,R2,PValue,MedianLapTime,DegRatePct
ALB,Australian Grand Prix,INTERMEDIATE,32,-0.1703,94.1,0.4234,0.0001,92.044,-0.181
ALB,Australian Grand Prix,MEDIUM,8,-2.469,123.08,0.0916,0.4662,115.061,-2.006
ALB,Bahrain Grand Prix,HARD,14,0.1272,97.434,0.6717,0.0003,98.342,0.1305
ALB,Bahrain Grand Prix,MEDIUM,22,0.0441,97.626,0.18,0.049,97.836,0.0452
ALB,Bahrain Grand Prix,SOFT,15,-0.0832,100.872,0.0402,0.4734,99.843,-0.0825
ALB,Chinese Grand Prix,HARD,35,-0.0559,98.205,0.8002,0.0,97.249,-0.0569
ALB,Chinese Grand Prix,MEDIUM,19,-0.1209,100.501,0.2098,0.0486,99.046,-0.1203
ALB,Japanense Grand Prix,HARD,28,-0.0853,93.418,0.8726,0.0,92.156,-0.0913
ALB,Japanense Grand Prix,MEDIUM,23,-0.1025,95.733,0.243,0.0169,94.194,-0.1071
ALB,Saudi Arabian Grand Prix,HARD,27,-0.0311,94.417,0.6176,0.0,93.918,-0.0329
ALB,Saudi Arabian Grand Prix,MEDIUM,18,0.0028,95.417,0.0006,0.9264,95.268,0.0029
ALO,Australian Grand Prix,INTERMEDIATE,25,-0.2831,96.183,0.8458,0.0,92.521,-0.2943
ALO,Bahrain Grand Prix,HARD,22,-0.0117,98.71,0.0174,0.5589,98.486,-0.0119
ALO,Bahrain Grand Prix,MEDIUM,29,-0.0226,99.801,0.0044,0.7318,99.589,-0.0226
ALO,Japanense Grand Prix,HARD,28,-0.04,93.015,0.807,0.0,92.408,-0.043
ALO,Japanense Grand Prix,MEDIUM,22,-0.022,94.799,0.1828,0.0472,94.48,-0.0232
ALO,Saudi Arabian Grand Prix,HARD,30,-0.0719,95.391,0.6283,0.0,94.413,-0.0754
ALO,Saudi Arabian Grand Prix,MEDIUM,15,-0.0433,96.147,0.0619,0.3712,95.739,-0.045
ANT,Australian Grand Prix,HARD,8,-2.5523,123.174,0.1042,0.4356,115.445,-2.0721
ANT,Australian Grand Prix,INTERMEDIATE,31,-0.1784,93.753,0.316,0.001,91.319,-0.1903
ANT,Bahrain Grand Prix,MEDIUM,13,0.0799,98.181,0.4094,0.0185,98.744,0.0814
ANT,Bahrain Grand Prix,SOFT,36,0.0158,98.222,0.0068,0.6317,98.104,0.0161
ANT,Chinese Grand Prix,HARD,43,-0.0693,99.091,0.8103,0.0,97.657,-0.0699
ANT,Chinese Grand Prix,MEDIUM,11,-0.1134,99.968,0.0879,0.376,98.965,-0.1134
ANT,Japanense Grand Prix,HARD,21,-0.0257,91.677,0.3796,0.0029,91.4,-0.028
ANT,Japanense Grand Prix,MEDIUM,30,-0.0757,95.019,0.3955,0.0002,93.782,-0.0797
ANT,Saudi Arabian Grand Prix,HARD,30,-0.0454,94.187,0.6825,0.0,93.668,-0.0482
ANT,Saudi Arabian Grand Prix,MEDIUM,15,-0.0033,94.79,0.001,0.9125,94.598,-0.0035
BEA,Australian Grand Prix,INTERMEDIATE,32,-0.127,94.688,0.2238,0.0062,93.492,-0.1341
BEA,Bahrain Grand Prix,HARD,16,0.105,97.868,0.682,0.0001,98.663,0.1073
BEA,Bahrain Grand Prix,SOFT,34,-0.0058,98.721,0.0014,0.8341,98.485,-0.0059
BEA,Chinese Grand Prix,HARD,24,-0.0369,99.632,0.4024,0.0009,99.151,-0.037
BEA,Chinese Grand Prix,MEDIUM,29,-0.0286,97.322,0.316,0.0015,96.792,-0.0294
BEA,Japanense Grand Prix,HARD,29,-0.0452,93.255,0.5438,0.0,92.348,-0.0485
BEA,Japanense Grand Prix,MEDIUM,21,-0.0006,94.514,0.0,0.9772,94.408,-0.0006
BEA,Saudi Arabian Grand Prix,HARD,31,-0.0651,95.349,0.7179,0.0,94.332,-0.0683
BEA,Saudi Arabian Grand Prix,MEDIUM,14,-0.015,96.062,0.0073,0.7713,95.855,-0.0156
BOR,Australian Grand Prix,INTERMEDIATE,25,-0.2744,96.917,0.8271,0.0,93.35,-0.2831
BOR,Australian Grand Prix,MEDIUM,4,-2.8093,94.404,0.9153,0.0433,86.447,-2.9758
BOR,Bahrain Grand Prix,HARD,17,0.0762,98.753,0.6445,0.0001,99.32,0.0772
BOR,Bahrain Grand Prix,MEDIUM,33,-0.0421,99.698,0.0914,0.0872,98.973,-0.0422
BOR,Chinese Grand Prix,HARD,51,0.0378,97.627,0.0624,0.0772,97.965,0.0387
BOR,Japanense Grand Prix,HARD,29,-0.056,95.62,0.4796,0.0,94.724,-0.0586
BOR,Japanense Grand Prix,MEDIUM,21,-0.0126,92.673,0.0569,0.2978,92.487,-0.0136
BOR,Saudi Arabian Grand Prix,HARD,46,-0.0167,96.395,0.0468,0.1486,95.988,-0.0173
DOO,Bahrain Grand Prix,HARD,24,0.0694,97.4,0.4613,0.0003,98.372,0.0713
DOO,Bahrain Grand Prix,MEDIUM,17,0.1089,97.854,0.7594,0.0,98.842,0.1113
DOO,Bahrain Grand Prix,SOFT,8,-0.4024,101.765,0.2122,0.2507,99.291,-0.3954
DOO,Chinese Grand Prix,HARD,44,-0.0452,98.991,0.5735,0.0,98.109,-0.0457
DOO,Chinese Grand Prix,MEDIUM,9,-0.047,99.727,0.2668,0.1546,99.483,-0.0471
DOO,Japanense Grand Prix,HARD,37,-0.023,93.743,0.2986,0.0005,93.209,-0.0245
DOO,Japanense Grand Prix,SOFT,13,-0.0955,95.963,0.5111,0.006,95.075,-0.0995
DOO,Saudi Arabian Grand Prix,HARD,44,0.0576,94.864,0.1355,0.014,95.824,0.0607
GAS,Australian Grand Prix,HARD,6,-3.017,104.129,0.4679,0.134,90.65,-2.8974
GAS,Australian Grand Prix,INTERMEDIATE,31,-0.2219,95.079,0.6452,0.0,92.355,-0.2334
GAS,Bahrain Grand Prix,HARD,24,0.0829,96.609,0.6215,0.0,97.465,0.0858
GAS,Bahrain Grand Prix,MEDIUM,16,0.0446,98.047,0.1458,0.1444,98.393,0.0455
GAS,Bahrain Grand Prix,SOFT,9,-0.0332,99.372,0.0054,0.8506,98.867,-0.0334
GAS,Chinese Grand Prix,HARD,45,-0.0598,99.23,0.6626,0.0,97.905,-0.0603
GAS,Chinese Grand Prix,MEDIUM,9,-0.459,102.207,0.2915,0.1335,99.162,-0.4491
GAS,Japanense Grand Prix,HARD,28,-0.0299,92.799,0.417,0.0002,92.279,-0.0322
GAS,Japanense Grand Prix,MEDIUM,22,-0.0125,94.846,0.0326,0.4213,94.614,-0.0132
HAD,Bahrain Grand Prix,HARD,24,0.0146,98.097,0.024,0.47,98.282,0.0149
HAD,Bahrain Grand Prix,MEDIUM,20,0.0778,98.438,0.3729,0.0042,99.298,0.079
HAD,Bahrain Grand Prix,SOFT,4,0.0062,99.652,0.0125,0.8883,99.65,0.0062
HAD,Chinese Grand Prix,HARD,41,-0.0309,97.938,0.0399,0.2104,97.695,-0.0316
HAD,Chinese Grand Prix,MEDIUM,11,-0.2188,100.858,0.2173,0.1484,99.235,-0.2169
HAD,Japanense Grand Prix,HARD,27,-0.0749,93.205,0.7848,0.0,92.001,-0.0804
HAD,Japanense Grand Prix,MEDIUM,24,-0.0953,95.528,0.2902,0.0066,94.036,-0.0998
HAD,Saudi Arabian Grand Prix,HARD,30,-0.0375,95.735,0.1952,0.0145,95.11,-0.0392
HAD,Saudi Arabian Grand Prix,MEDIUM,15,0.0119,93.567,0.0479,0.4333,93.634,0.0127
HAM,Australian Grand Prix,HARD,7,-1.3174,99.094,0.1491,0.3923,93.045,-1.3294
HAM,Australian Grand Prix,INTERMEDIATE,31,-0.189,94.522,0.4778,0.0,92.341,-0.2
HAM,Bahrain Grand Prix,HARD,22,0.0796,96.421,0.6771,0.0,97.156,0.0826
HAM,Bahrain Grand Prix,MEDIUM,29,-0.0205,98.874,0.0038,0.7509,98.566,-0.0207
HAM,Chinese Grand Prix,HARD,40,0.005,96.511,0.0007,0.868,97.014,0.0052
HAM,Chinese Grand Prix,MEDIUM,12,-0.0319,98.775,0.0218,0.6467,98.532,-0.0323
HAM,Japanense Grand Prix,HARD,29,-0.0826,95.264,0.3019,0.002,93.888,-0.0867
HAM,Japanense Grand Prix,MEDIUM,22,-0.0108,91.983,0.0404,0.37,91.837,-0.0117
HAM,Saudi Arabian Grand Prix,HARD,26,-0.0423,93.872,0.5062,0.0,93.288,-0.0451
HAM,Saudi Arabian Grand Prix,MEDIUM,19,-0.0022,95.027,0.0005,0.9282,94.892,-0.0023
HUL,Australian Grand Prix,INTERMEDIATE,32,-0.1645,94.729,0.3267,0.0006,92.975,-0.1737
HUL,Australian Grand Prix,MEDIUM,6,-3.553,115.647,0.1724,0.413,101.503,-3.0723
HUL,Bahrain Grand Prix,MEDIUM,45,0.0118,98.591,0.0103,0.5062,98.823,0.012
HUL,Chinese Grand Prix,HARD,34,0.0286,97.676,0.1695,0.0155,97.896,0.0293
HUL,Chinese Grand Prix,MEDIUM,18,0.077,99.506,0.3245,0.0136,99.976,0.0774
HUL,Japanense Grand Prix,HARD,30,-0.0248,93.557,0.0832,0.1222,92.966,-0.0265
HUL,Japanense Grand Prix,MEDIUM,20,-0.0776,95.75,0.5578,0.0002,94.83,-0.081
HUL,Saudi Arabian Grand Prix,HARD,29,-0.0295,96.361,0.1733,0.0247,95.872,-0.0306
HUL,Saudi Arabian Grand Prix,MEDIUM,15,0.1347,93.159,0.2498,0.0578,94.128,0.1446
LAW,Australian Grand Prix,INTERMEDIATE,24,-0.2187,96.064,0.6677,0.0,93.5,-0.2277
LAW,Australian Grand Prix,MEDIUM,7,1.7947,82.564,0.3443,0.1661,86.446,2.1737
LAW,Bahrain Grand Prix,HARD,16,0.0855,98.459,0.3777,0.0113,99.13,0.0868
LAW,Bahrain Grand Prix,MEDIUM,12,0.0345,99.731,0.2638,0.0876,99.977,0.0346
LAW,Bahrain Grand Prix,SOFT,22,0.0149,97.882,0.0329,0.4191,97.914,0.0152
LAW,Chinese Grand Prix,HARD,41,-0.0399,98.256,0.0364,0.2324,97.14,-0.0406
LAW,Chinese Grand Prix,MEDIUM,10,0.0117,97.83,0.0244,0.6667,97.854,0.012
LAW,Japanense Grand Prix,MEDIUM,31,-0.0309,95.192,0.2875,0.0019,94.689,-0.0325
LAW,Japanense Grand Prix,SOFT,19,0.0301,92.329,0.2099,0.0486,92.702,0.0326
LAW,Saudi Arabian Grand Prix,HARD,29,-0.0853,95.366,0.7263,0.0,93.927,-0.0894
LAW,Saudi Arabian Grand Prix,MEDIUM,16,-0.0718,96.229,0.281,0.0347,95.532,-0.0746
LEC,Australian Grand Prix,HARD,6,-0.1565,93.643,0.002,0.9326,93.816,-0.1671
LEC,Australian Grand Prix,INTERMEDIATE,32,-0.1595,93.703,0.3708,0.0002,91.654,-0.1702
LEC,Bahrain Grand Prix,HARD,22,0.0989,95.838,0.8372,0.0,96.834,0.1032
LEC,Bahrain Grand Prix,MEDIUM,29,0.0423,98.007,0.0442,0.2737,98.273,0.0432
LEC,Chinese Grand Prix,HARD,40,-0.0168,97.35,0.1669,0.0089,97.09,-0.0173
LEC,Chinese Grand Prix,MEDIUM,14,-0.0672,99.078,0.0865,0.3073,98.44,-0.0678
LEC,Japanense Grand Prix,HARD,31,-0.0389,92.713,0.5357,0.0,91.957,-0.042
LEC,Japanense Grand Prix,MEDIUM,20,-0.0754,94.752,0.2911,0.0141,93.798,-0.0796
LEC,Saudi Arabian Grand Prix,HARD,20,-0.0034,92.508,0.0067,0.731,92.428,-0.0037
LEC,Saudi Arabian Grand Prix,MEDIUM,25,-0.0536,94.872,0.5678,0.0,94.276,-0.0565
NOR,Australian Grand Prix,HARD,7,-9.9411,160.741,0.6784,0.0228,133.937,-6.1845
NOR,Australian Grand Prix,INTERMEDIATE,33,-0.1725,92.181,0.4658,0.0,90.146,-0.1871
NOR,Bahrain Grand Prix,MEDIUM,42,0.0283,97.072,0.0437,0.184,97.662,0.0292
NOR,Bahrain Grand Prix,SOFT,9,-0.0277,98.883,0.011,0.7883,98.57,-0.028
NOR,Chinese Grand Prix,HARD,40,-0.0227,97.252,0.0972,0.0502,96.748,-0.0233
NOR,Chinese Grand Prix,MEDIUM,14,0.0172,98.043,0.0288,0.5617,98.186,0.0175
NOR,Japanense Grand Prix,HARD,31,-0.0433,92.472,0.8467,0.0,91.658,-0.0468
NOR,Japanense Grand Prix,MEDIUM,20,-0.0706,94.412,0.5556,0.0002,93.544,-0.0748
NOR,Saudi Arabian Grand Prix,HARD,30,-0.0867,95.407,0.7001,0.0,93.896,-0.0909
NOR,Saudi Arabian Grand Prix,MEDIUM,15,0.0015,92.148,0.0012,0.9007,92.143,0.0016
OCO,Australian Grand Prix,INTERMEDIATE,31,-0.1758,95.951,0.3641,0.0003,93.533,-0.1832
OCO,Australian Grand Prix,MEDIUM,4,1.4446,85.934,0.4159,0.3551,88.922,1.6811
OCO,Bahrain Grand Prix,HARD,25,0.0555,97.204,0.6911,0.0,97.842,0.0571
OCO,Bahrain Grand Prix,MEDIUM,17,0.0953,97.714,0.6689,0.0001,98.465,0.0975
OCO,Bahrain Grand Prix,SOFT,7,-0.6644,102.747,0.2843,0.2178,99.24,-0.6466
OCO,Chinese Grand Prix,HARD,44,-0.0621,98.874,0.8462,0.0,97.729,-0.0628
OCO,Chinese Grand Prix,MEDIUM,10,-0.282,101.237,0.2214,0.1699,99.143,-0.2786
OCO,Japanense Grand Prix,HARD,30,-0.0485,95.531,0.3944,0.0002,94.794,-0.0508
OCO,Japanense Grand Prix,MEDIUM,20,-0.0079,92.649,0.025,0.5058,92.53,-0.0085
OCO,Saudi Arabian Grand Prix,HARD,47,-0.023,96.235,0.0773,0.0584,95.602,-0.0239
PIA,Australian Grand Prix,HARD,7,-9.027,155.862,0.6284,0.0335,133.016,-5.7917
PIA,Australian Grand Prix,INTERMEDIATE,30,-0.1551,91.931,0.6207,0.0,90.097,-0.1687
PIA,Bahrain Grand Prix,MEDIUM,38,-0.0159,96.953,0.0132,0.492,96.358,-0.0164
PIA,Bahrain Grand Prix,SOFT,13,0.0739,97.92,0.4934,0.0074,98.549,0.0755
PIA,Chinese Grand Prix,HARD,41,-0.0405,97.471,0.6972,0.0,96.662,-0.0416
PIA,Chinese Grand Prix,MEDIUM,13,0.0202,97.819,0.0961,0.3025,97.994,0.0207
PIA,Japanense Grand Prix,HARD,32,-0.0524,92.675,0.6878,0.0,91.656,-0.0565
PIA,Japanense Grand Prix,MEDIUM,19,-0.0721,94.553,0.3432,0.0084,93.667,-0.0763
PIA,Saudi Arabian Grand Prix,HARD,30,-0.0211,93.203,0.2676,0.0034,92.798,-0.0226
PIA,Saudi Arabian Grand Prix,MEDIUM,15,0.0354,93.662,0.3009,0.0342,94.045,0.0378
RUS,Australian Grand Prix,HARD,7,-5.8985,139.287,0.3034,0.2,131.214,-4.2348
RUS,Australian Grand Prix,INTERMEDIATE,33,-0.1546,93.162,0.4239,0.0,91.127,-0.1659
RUS,Bahrain Grand Prix,MEDIUM,17,-0.0149,98.122,0.1605,0.1111,98.018,-0.0152
RUS,Bahrain Grand Prix,SOFT,34,0.011,97.396,0.0038,0.7284,97.373,0.0113
RUS,Chinese Grand Prix,HARD,41,-0.0489,97.863,0.7512,0.0,96.664,-0.05
RUS,Chinese Grand Prix,MEDIUM,13,-0.007,98.403,0.0015,0.8994,98.391,-0.0071
RUS,Japanense Grand Prix,HARD,33,-0.0629,93.236,0.7159,0.0,91.936,-0.0675
RUS,Japanense Grand Prix,MEDIUM,18,-0.0883,94.957,0.231,0.0435,93.862,-0.093
RUS,Saudi Arabian Grand Prix,HARD,29,0.0227,93.226,0.128,0.0568,93.62,0.0243
RUS,Saudi Arabian Grand Prix,MEDIUM,16,0.0248,94.107,0.1171,0.1946,94.313,0.0264
SAI,Bahrain Grand Prix,HARD,8,0.0056,98.949,0.0002,0.974,98.539,0.0057
SAI,Bahrain Grand Prix,MEDIUM,16,0.149,97.445,0.8012,0.0,98.75,0.1529
SAI,Bahrain Grand Prix,SOFT,13,0.0612,99.637,0.0258,0.6002,100.015,0.0614
SAI,Chinese Grand Prix,HARD,38,-0.0343,98.411,0.4461,0.0,97.76,-0.0349
SAI,Chinese Grand Prix,MEDIUM,15,0.0031,99.2,0.0026,0.8577,99.225,0.0031
SAI,Japanense Grand Prix,MEDIUM,31,-0.0251,95.151,0.1744,0.0194,94.639,-0.0264
SAI,Japanense Grand Prix,SOFT,19,-0.0106,92.235,0.0084,0.7097,92.087,-0.0115
SAI,Saudi Arabian Grand Prix,HARD,28,-0.0417,94.63,0.4799,0.0,93.946,-0.0441
SAI,Saudi Arabian Grand Prix,MEDIUM,17,-0.0214,95.469,0.0488,0.3941,95.192,-0.0224
STR,Australian Grand Prix,HARD,8,-2.5097,122.588,0.1032,0.4379,114.782,-2.0473
STR,Australian Grand Prix,INTERMEDIATE,32,-0.1383,94.218,0.2939,0.0014,92.406,-0.1468
STR,Bahrain Grand Prix,HARD,22,0.0049,98.692,0.0037,0.7877,98.652,0.005
STR,Bahrain Grand Prix,MEDIUM,18,0.0351,99.036,0.2281,0.045,99.32,0.0354
STR,Bahrain Grand Prix,SOFT,10,0.0636,99.747,0.4133,0.045,100.061,0.0638
STR,Chinese Grand Prix,HARD,34,-0.0398,99.598,0.5111,0.0,98.934,-0.04
STR,Chinese Grand Prix,MEDIUM,19,0.029,96.499,0.3254,0.0108,96.883,0.0301
STR,Japanense Grand Prix,HARD,19,-0.0528,94.89,0.3928,0.0041,94.258,-0.0556
STR,Japanense Grand Prix,MEDIUM,21,-0.0028,92.869,0.0002,0.9518,92.567,-0.003
STR,Japanense Grand Prix,SOFT,7,-0.1998,96.345,0.4253,0.1124,95.356,-0.2074
STR,Saudi Arabian Grand Prix,HARD,35,-0.0268,96.22,0.2488,0.0023,95.714,-0.0279
STR,Saudi Arabian Grand Prix,MEDIUM,9,0.1077,93.149,0.1243,0.3521,93.372,0.1156
TSU,Australian Grand Prix,INTERMEDIATE,31,-0.2019,94.82,0.5889,0.0,92.133,-0.2129
TSU,Australian Grand Prix,MEDIUM,7,-0.3504,95.442,0.0105,0.827,95.983,-0.3671
TSU,Bahrain Grand Prix,MEDIUM,19,0.1077,97.869,0.7065,0.0,98.713,0.11
TSU,Bahrain Grand Prix,SOFT,32,-0.0443,99.015,0.0388,0.2796,98.364,-0.0447
TSU,Chinese Grand Prix,HARD,31,0.0184,97.585,0.0237,0.4086,97.807,0.0189
TSU,Chinese Grand Prix,MEDIUM,18,0.039,98.001,0.0033,0.8203,98.755,0.0398
TSU,Japanense Grand Prix,HARD,29,-0.0507,93.254,0.7885,0.0,92.424,-0.0544
TSU,Japanense Grand Prix,MEDIUM,21,-0.0167,94.91,0.0543,0.3094,94.606,-0.0176
VER,Australian Grand Prix,INTERMEDIATE,32,-0.1402,92.357,0.2797,0.0019,90.766,-0.1518
VER,Australian Grand Prix,MEDIUM,5,-4.5448,106.513,0.279,0.3602,86.789,-4.2669
VER,Bahrain Grand Prix,HARD,14,0.1222,97.864,0.3775,0.0194,98.534,0.1249
VER,Bahrain Grand Prix,MEDIUM,26,0.0547,96.734,0.3728,0.0009,97.377,0.0565
VER,Bahrain Grand Prix,SOFT,9,-0.2155,100.482,0.1162,0.3693,98.76,-0.2145
VER,Chinese Grand Prix,HARD,42,-0.0534,97.93,0.8391,0.0,96.768,-0.0545
VER,Chinese Grand Prix,MEDIUM,12,-0.0815,99.612,0.0793,0.3753,98.837,-0.0818
VER,Japanense Grand Prix,HARD,31,-0.0453,92.524,0.8416,0.0,91.739,-0.049
VER,Japanense Grand Prix,MEDIUM,20,-0.0413,94.028,0.5645,0.0001,93.539,-0.0439
VER,Saudi Arabian Grand Prix,HARD,28,-0.0314,93.26,0.5018,0.0,92.739,-0.0337
VER,Saudi Arabian Grand Prix,MEDIUM,17,0.0141,93.7,0.2667,0.0338,93.831,0.015
